ratecity,infochoice
Adelaide Bank,Adelaide Bank
AMP Bank,AMP
ANZ,ANZ
Arab Bank Australia,Arab Bank
Australian Financial,
Aussie,Aussie
Australian Military Bank,Australian Military Bank
Australian Unity,
Auswide Bank,
Bananacoast Community Credit Union,bcu
Bank Australia,Bank Australia
Bank First,Bank First
Bank of Melbourne,Bank of Melbourne
Bank of Queensland,Bank of Queensland
Bank of Sydney,Bank of Sydney
Bank of us,Bank of us
BankSA,BankSA
Bankstown City Unity Bank,
BankVic,BankVic
Bankwest,Bankwest
Bendigo & Adelaide Bank,Bendigo Bank
Beyond Bank Australia,Beyond Bank
BIDeloan,
Big Sky Building Society,Big Sky Building Society
Citi,Citi
Catalyst Money,Catalyst Money
Click Loans,
Commonwealth Bank of Australia,Commonwealth Bank
Coastline Credit Union,
Community First Credit Union,Community First Credit Union
Credit Union SA,
CUA,CUA
Defence Bank,Defence Bank
Delphi Bank,Delphi Bank
Easy Street Financial Services,Easy Street Financial Services
Endeavour Mutual Bank,Endeavour Mutual Bank
Family First Credit Union,Family First Credit Union
FCCS Credit Union,FCCS
First Option Credit Union,First Option Credit Union
Firstmac,
Freedom Lend,
G&C Mutual Bank,G&C Mutual Bank
Gateway Bank,Gateway Bank
Greater Bank,Greater Bank Limited
Heritage Bank,Heritage Bank
Holiday Coast Credit Union,Holiday Coast Credit Union
Homeloans,Homeloans Ltd
Homestar Finance,HomeStar
Horizon Credit Union,Horizon Credit Union
HSBC,HSBC
Hume Bank,Hume Bank
Hunter United,Hunter United Credit Union
Illawarra Credit Union,Illawarra Credit Union
IMB Bank,
iMortgage,
ING,ING
La Trobe Financial,
Liberty Financial,Liberty Financial
LJ Hooker Home Loans,LJ Hooker Home Loans
loans.com.au,loans.com.au
Macquarie Bank,Macquarie Bank
Macquarie Credit Union,Macquarie Credit Union
ME Bank,ME
Morgan Brooks,Morgan Brooks
Mortgage House,Mortgage House
MOVE - People Driven Banking,MOVE - People Driven Banking
My Credit Union,
MyState,MyState
NAB,NAB
Newcastle Permanent,Newcastle Permanent Building Society
Northern Inland CU,
Online Home Loans,
P&N Bank,P&N Bank
Pacific Mortgage Group,Pacific Mortgage Corporation
People's Choice Credit Union,People's Choice Credit Union
Pepper,
Police Bank,Police Bank
QBANK,QBank
Qudos Bank,Qudos Bank
Queensland Country Credit Union,
Queenslanders Credit Union,Queenslanders Credit Union
RACQ Bank,RACQ Bank
RAMS,RAMS
Rate Chaser Home Loans,
Ratebusters,RateBusters
Realestate.com.au,
Reduce Home Loans,
Regional Australia Bank,
RESI Mortgage Corp,Resi Home Loans
SCU,SCU
SERVICE ONE Alliance Bank,SERVICE ONE Alliance Bank
Southern Cross Credit Union,
St.George Bank,St.George
State Custodians,State Custodians Mortgage Company
Summerland Credit Union,
Suncorp Bank,Suncorp Bank
Switzer Home Loans,
Teachers Mutual Bank,Teachers Mutual Bank
The Capricornian,
The Mac,
The Mutual,
The Rock Building Society,The Rock
Tic Toc,
Transport Mutual Credit Union,Transport Mutual Credit Union Limited
UBank,UBank
UniBank,UniBank
Virgin Money,Virgin Money
Westpac,Westpac
Yellow Brick Road,
