ratecity,infochoice,mozo
Adelaide Bank,Adelaide Bank,Adelaide Bank
AMP Bank,AMP,AMP
ANZ,ANZ,ANZ
Arab Bank Australia,Arab Bank,Arab Bank Australia
Australian Financial,,
Aussie,Aussie,Aussie
Australian Military Bank,Australian Military Bank,Australian Military Bank
Australian Unity,,Australian Unity
Auswide Bank,,Auswide Bank
Bananacoast Community Credit Union,bcu,bcu
Bank Australia,Bank Australia,Bank Australia
Bank First,Bank First,Bank First
Bank of Melbourne,Bank of Melbourne,Bank of Melbourne
Bank of Queensland,Bank of Queensland,Bank of Queensland
Bank of Sydney,Bank of Sydney,Bank of Sydney
Bank of us,Bank of us,Bank of us
BankSA,BankSA,BankSA
Bankstown City Unity Bank,,Unity Bank
BankVic,BankVic,BankVic
Bankwest,Bankwest,Bankwest
Bendigo & Adelaide Bank,Bendigo Bank,Bendigo Bank
Beyond Bank Australia,Beyond Bank,Beyond Bank
BIDeloan,,
Big Sky Building Society,Big Sky Building Society,Big Sky
Citi,Citi,Citi
Catalyst Money,Catalyst Money,
Click Loans,,Click Loans
Commonwealth Bank of Australia,Commonwealth Bank,Commonwealth Bank
Coastline Credit Union,,
Community First Credit Union,Community First Credit Union,Community First Credit Union
Credit Union SA,,Credit Union SA
CUA,CUA,CUA
Defence Bank,Defence Bank,Defence Bank
Delphi Bank,Delphi Bank,
Easy Street Financial Services,Easy Street Financial Services,Easy Street
Endeavour Mutual Bank,Endeavour Mutual Bank,Endeavour Mutual Bank
Family First Credit Union,Family First Credit Union,
FCCS Credit Union,FCCS,
First Option Credit Union,First Option Credit Union,
Firstmac,,firstmac
Freedom Lend,,FreedomLend
G&C Mutual Bank,G&C Mutual Bank,G&C Mutual Bank
Gateway Bank,Gateway Bank,Gateway Credit Union
Greater Bank,Greater Bank Limited,Greater Bank
Heritage Bank,Heritage Bank,Heritage Bank
Holiday Coast Credit Union,Holiday Coast Credit Union,
Homeloans,Homeloans Ltd,Homeloans
Homestar Finance,HomeStar,Homestar
Horizon Credit Union,Horizon Credit Union,
HSBC,HSBC,HSBC
Hume Bank,Hume Bank,Hume Bank
Hunter United,Hunter United Credit Union,Hunter United
Illawarra Credit Union,Illawarra Credit Union,Illawarra Credit Union
IMB Bank,,IMB Bank
iMortgage,,iMortgage
ING,ING,ING
La Trobe Financial,,
Liberty Financial,Liberty Financial,Liberty
LJ Hooker Home Loans,LJ Hooker Home Loans,
loans.com.au,loans.com.au,loans.com.au
Macquarie Bank,Macquarie Bank,Macquarie
Macquarie Credit Union,Macquarie Credit Union,Macquarie Credit Union
ME Bank,ME,ME
Morgan Brooks,Morgan Brooks,
Mortgage House,Mortgage House,Mortgage House
MOVE - People Driven Banking,MOVE - People Driven Banking,Move
My Credit Union,,My Credit Union
MyState,MyState,MyState
NAB,NAB,NAB
Newcastle Permanent,Newcastle Permanent Building Society,Newcastle Permanent
Northern Inland CU,,Northern Inland Credit Union
Online Home Loans,,
P&N Bank,P&N Bank,P&N Bank
Pacific Mortgage Group,Pacific Mortgage Corporation,
People's Choice Credit Union,People's Choice Credit Union,People's Choice Credit Union
Pepper,,
Police Bank,Police Bank,Police Bank
QBANK,QBank,QBANK
Qudos Bank,Qudos Bank,Qudos Bank
Queensland Country Credit Union,,Queensland Country Credit Union
Queenslanders Credit Union,Queenslanders Credit Union,Queenslanders Credit Union
RACQ Bank,RACQ Bank,RACQ Bank
RAMS,RAMS,RAMS
Rate Chaser Home Loans,,
Ratebusters,RateBusters,
Realestate.com.au,,
Reduce Home Loans,,Reduce Home Loans
Regional Australia Bank,,Regional Australia Bank
RESI Mortgage Corp,Resi Home Loans,Resi
SCU,SCU,SCU
SERVICE ONE Alliance Bank,SERVICE ONE Alliance Bank,
Southern Cross Credit Union,,Southern Cross Credit Union
St.George Bank,St.George,St.George
State Custodians,State Custodians Mortgage Company,State Custodians
Summerland Credit Union,,
Suncorp Bank,Suncorp Bank,Suncorp
Switzer Home Loans,,
Teachers Mutual Bank,Teachers Mutual Bank,Teachers Mutual Bank
The Capricornian,,
The Mac,,
The Mutual,,
The Rock Building Society,The Rock,The Rock
Tic Toc,,Tic:Toc
Transport Mutual Credit Union,Transport Mutual Credit Union Limited,
UBank,UBank,UBank
UniBank,UniBank,UniBank
Virgin Money,Virgin Money,Virgin Money
Westpac,Westpac,Westpac
Yellow Brick Road,,Yellow Brick Road
